{"sample_id": "warmup3", "exp_name": "baseline_67ecd4", "timestamp_start": 1765203410.6804516, "timestamp_end": 150.32505416870117, "asr_wer": 0.0, "tts_utmos": 3.2109375, "asr_latency": 1.3740527629852295, "llm_latency": 89.58981895446777, "tts_latency": 31.732685804367065, "total_latency": 122.69655752182007, "asr_gpu_peak_mem": 2178, "llm_gpu_peak_mem": 2272, "tts_gpu_peak_mem": 2260, "timestamp": "2025-12-08 14:19:21", "run_id": "warmup3"}
