{"sample_id": "warmup1", "exp_name": "baseline_67ecd4", "timestamp_start": 1765203206.6182325, "timestamp_end": 67.71127510070801, "asr_wer": 0.1, "tts_utmos": 3.578125, "asr_latency": 0.7858436107635498, "llm_latency": 26.402796506881714, "tts_latency": 13.37335729598999, "total_latency": 40.561997413635254, "asr_gpu_peak_mem": 1682, "llm_gpu_peak_mem": 2174, "tts_gpu_peak_mem": 3608, "timestamp": "2025-12-08 14:14:34", "run_id": "warmup1"}
