{"sample_id": "warmup2", "exp_name": "baseline_67ecd4", "timestamp_start": 1765203274.3441286, "timestamp_end": 136.2663128376007, "asr_wer": 0.5714285714285714, "tts_utmos": 3.58203125, "asr_latency": 0.6652529239654541, "llm_latency": 84.5474259853363, "tts_latency": 24.17250084877014, "total_latency": 109.3851797580719, "asr_gpu_peak_mem": 1746, "llm_gpu_peak_mem": 2194, "tts_gpu_peak_mem": 2226, "timestamp": "2025-12-08 14:16:50", "run_id": "warmup2"}
